Ссылка;Название;Сайт;Телефон;Email
"https://cpm-digital.ru/companies/company/36072-vdr.html";"#VDR";"https://www.viadellerose.eu";"+905317825846";"nimet@luteks.com"
"https://cpm-digital.ru/companies/company/39479-a-r-exports.html";"A R Exports";"";"";""
"https://cpm-digital.ru/companies/company/19914-accessories-111.html";"ACCESSORIES-111";"http://www.accessories-111.ru";"";"akceccuar@mail.ru"
"https://cpm-digital.ru/companies/company/30700-accross.html";"ACCROSS";"https://accross.ru";"+7 (920) 658-92-63";"info@accross.ru"
"https://cpm-digital.ru/companies/company/20613-achosa.html";"ACHOSA";"https://achosa.by";"+375296325705";"achosa@inbox.ru"
"https://cpm-digital.ru/companies/company/39283-ada-triko.html";"ADA TRIKO";"";"";""
"https://cpm-digital.ru/companies/company/20745-adam-first.html";"ADAM FIRST";"http://www.adam-first.ru";"";""
"https://cpm-digital.ru/companies/company/18753-adel.html";"ADEL";"http://www.adel-hat.ru";"+7 928 9252555";"adel.knitted.cap@gmail.com"
"https://cpm-digital.ru/companies/company/20604-adelina.html";"ADELINA FUR COLLECTION";"http://domadelina.ru";"";""
"https://cpm-digital.ru/companies/company/37460-aepc.html";"AEPC";"http://www.aepcindia.com";"+91 1242708000";"shari@aepcindia.com"
"https://cpm-digital.ru/companies/company/36104-aj81.html";"AJ81";"";"";""
"https://cpm-digital.ru/companies/company/34256-ak-system.html";"AK-SYSTEM";"http://aksystem.ru";"";""
"https://cpm-digital.ru/companies/company/20754-albana.html";"ALBANA";"https://www.albana-trade.ru";"+79670011991";"info@albana-trade.ru"
"https://cpm-digital.ru/companies/company/35334-alena-pahirnitskaya.html";"ALENA PAHIRNITSKAYA";"";"";""
"https://cpm-digital.ru/companies/company/22964-alerma.html";"ALERMA";"http://www.alerma.kz";"+77778015195";"Svechnikova.a@alerma.kz"
"https://cpm-digital.ru/companies/company/39221-alessia-massimo.html";"ALESSIA MASSIMO";"";"";""
"https://cpm-digital.ru/companies/company/22520-alex-furs.html";"ALEX FURS";"";"";""
"https://cpm-digital.ru/companies/company/39218-alex-group.html";"ALEX GROUP";"http://www.alessiamassimo.net";"+39 331 5877686";"alessia@alexmax.net"
"https://cpm-digital.ru/companies/company/18780-alexander-bogdanov.html";"ALEXANDER BOGDANOV";"https://alexanderbogdanov.com";"8-800-551-37-50";"info@bgd-bogdanov.com"
"https://cpm-digital.ru/companies/company/18759-alivlook.html";"ALIVLOOK";"https://alivlook.com";"+7 921 932-37-02";"info@alivlook.com"
"https://cpm-digital.ru/companies/company/36428-alma-en-pena.html";"ALMA EN PENA";"http://almaenpena.es";"+79250000339";"sales@theshoeroom.biz"
"https://cpm-digital.ru/companies/company/39476-aloka-exports.html";"Aloka Exports";"";"";""
"https://cpm-digital.ru/companies/company/34391-amato.html";"AMATO";"";"";""
"https://cpm-digital.ru/companies/company/36064-andrea-nicoletti.html";"ANDREA NICOLOTTI";"http://andreanicolotti.com";"+90 532 695 76 19";"info@modan.com.tr"
"https://cpm-digital.ru/companies/company/19920-andrew-white-design.html";"ANDREW WHITE DESIGN";"http://www.accessories-111.ru";"";"akceccuar@mail.ru"
"https://cpm-digital.ru/companies/company/34178-anekke.html";"ANEKKE";"http://www.anekke.com";"+34 966 299 139";"sales@theshoeroom.biz"
"https://cpm-digital.ru/companies/company/23588-angelica-fashion.html";"ANGELICA FASHION";"https://www.meimeij.it//af_it/control/index";"+39 059 8635328";"info@meimeij.it"
"https://cpm-digital.ru/companies/company/39452-anjana-apparels.html";"Anjana Apparels";"";"";""
"https://cpm-digital.ru/companies/company/39194-annarita-n.html";"ANNARITA N";"http://www.annaritan.it";"+39 338 9448370";"p.buglione@hotmail.com"
"https://cpm-digital.ru/companies/company/19449-antonella.html";"ANTONELLA";"http://www.antonellacouture.com";"721 281209";"info@creazioniantonella.com"
"https://cpm-digital.ru/companies/company/39173-antonio-arnesano-furs-leather.html";"ANTONIO ARNESANO FURS & LEATHER";"http://www.antonioarnesano.it";"832 733479";"info@antonioarnesano.it"
"https://cpm-digital.ru/companies/company/39176-antonio-arnesano-italy.html";"ANTONIO ARNESANO ITALY";"http://www.antonioarnesano.it";"832 733479";"info@antonioarnesano.it"
"https://cpm-digital.ru/companies/company/39161-ash.html";"ASH";"https://justcouture.ru";"+7 495 9098313";"ddarskiy@justcouture.ru"
"https://cpm-digital.ru/companies/company/39158-ash-italia.html";"ASH ITALIA";"http://www.ash.com";"+7 495 9098313";"info@ashitalia.com"
"https://cpm-digital.ru/companies/company/18765-avanta.html";"AVANTA";"http://www.levelpro68.ru";"+7 953 724 17 22";"office@levelpro68.ru"
"https://cpm-digital.ru/companies/company/20202-avelontailor.html";"AVELONTAILOR";"https://avelontailor.ru";"+79139137007";"opt@avelontailor.ru"
"https://cpm-digital.ru/companies/company/19347-eurofashion.html";"AVRUPA MODASI";"http://www.eurofashion.com";"";"info@eurofashion.com.tr"
"https://cpm-digital.ru/companies/company/19200-aysel.html";"AYSEL";"http://www.ayselgiyim.com";"";"info@ayselgiyim.com.tr"
"https://cpm-digital.ru/companies/company/18771-azbuka-moda.html";"AZBUKA MODA";"https://www.azbukamoda.ru";"+7 (495) 600-07-45";"info@azbukamoda.ru"
"https://cpm-digital.ru/companies/company/29575-akfa.html";"AКFA";"https://akfa.ru";"ы:";"moscow@akfa.ru"
"https://cpm-digital.ru/companies/company/38678-b-b.html";"B&B";"";"";""
"https://cpm-digital.ru/companies/company/34199-balunova.html";"BALUNOVA";"https://balunova.ru";"+7 (793) 109-90-10";"studio@balunova.ru"
"https://cpm-digital.ru/companies/company/20886-barbara-geratti.html";"BARBARA GERATTI";"https://elma.by/barbara-geratti-collect";"+375297273435";"info@barbarageratti.ru"
"https://cpm-digital.ru/companies/company/29452-batterflei.html";"Batterflei";"http://batterflei.ru";"+7 926 601-73-71";""
"https://cpm-digital.ru/companies/company/39442-battle-born.html";"BATTLE BORN";"";"";""
"https://cpm-digital.ru/companies/company/19923-bazetti.html";"BAZETTI";"http://www.accessories-111.ru";"";"akceccuar@mail.ru"
"https://cpm-digital.ru/companies/company/28657-be-florence.html";"BE FLORENCE";"http://www.be-florence.com";"+39 349 7843649";"beflorence2020@gmail.com"
"https://cpm-digital.ru/companies/company/20136-beauty-woman.html";"Beauty Woman";"";"";""
"https://cpm-digital.ru/companies/company/19359-bello-valente.html";"BELLO VALENTE";"http://www.valentetekstil.com";"";"hyilmaz@valentetekstil.com"
"https://cpm-digital.ru/companies/company/34521-belturion.html";"BELTURION";"http://www.belturion.ru";"+79857642895";"info@belturion.ru"
"https://cpm-digital.ru/companies/company/39439-bertman.html";"Bertman";"";"";""
"https://cpm-digital.ru/companies/company/39409-bestly.html";"BESTLY";"";"";""
"https://cpm-digital.ru/companies/company/21522-biancalancia.html";"BIANCALANCIA";"http://www.biancalancia.it";"+39 0422 825113";"info@scudrera.it"
"https://cpm-digital.ru/companies/company/21111-bisa.html";"BISA";"http://www.bisacollection.com";"";""
"https://cpm-digital.ru/companies/company/20175-black-island.html";"BLACK ISLAND";"https://www.blackislandfashion.com";"+905356619797";"blckslnd@gmail.com"
"https://cpm-digital.ru/companies/company/28672-blanca-luz-milano.html";"BLANCA LUZ";"http://www.blancaluzmilano.it";"+39 0377 56018";"commerciale@confabi.com"
"https://cpm-digital.ru/companies/company/28741-blukey.html";"BLUKEY";"http://www.blukey.it";"+39 031 511097";"gpeverelli@jfksrl.com"
"https://cpm-digital.ru/companies/company/19203-bolero-eveline.html";"BOLERO EVELINE";"http://www.boleroeveline.com";"";""
"https://cpm-digital.ru/companies/company/31523-bonne-femme.html";"BONNE FEMME";"";"";""
"https://cpm-digital.ru/companies/company/23747-boston.html";"BOSTON";"https://bostonwears.ru";"8 (8422) 44-97-55";"info@boston73.ru"
"https://cpm-digital.ru/companies/company/19488-braccialini.html";"BRACCIALINI";"http://www.braccialini.it";"+39 055 75771";"info@graziellabraccialini.it"
"https://cpm-digital.ru/companies/company/39265-brandplus.html";"BRANDPLUS";"";"";""
"https://cpm-digital.ru/companies/company/39346-brilliant.html";"BRILLIANT SHANGHAI IM&EX CO ., LTD";"https://norman.hua";"8613262208301/1776";"norman.hua@brilliant-tex.cn"
"https://cpm-digital.ru/companies/company/22529-brostem.html";"BROSTEM";"http://www.brostem.com";"+79629661309";"yuzov.kirill@brostem.com"
"https://cpm-digital.ru/companies/company/22152-bulmer.html";"BULMER";"https://bulmer-fashion.com";"+7 (965) 824-68-76";"info@bulmer-fashion.com"
"https://cpm-digital.ru/companies/company/20769-business-line.html";"BUSINESS LINE";"http://www.bisline.ru";"";""
"https://cpm-digital.ru/companies/company/19140-butella.html";"BUTELLA";"http://www.butellastore.com";"";"butellashop@gmail.com"
"https://cpm-digital.ru/companies/company/39155-camelia.html";"CAMELIA";"http://www.antonioarnesano.it";"832 733479";"info@antonioarnesano.it"
"https://cpm-digital.ru/companies/company/37049-caporicco-sportswear.html";"CAPORICCO SPORTSWEAR";"";"";""
"https://cpm-digital.ru/companies/company/21198-carducci.html";"CARDUCCI";"http://www.carducci.cc";"";""
"https://cpm-digital.ru/companies/company/39188-carillo-fashion.html";"CARILLO FASHION";"http://www.annaritan.it";"+39 338 9448370";"p.buglione@hotmail.it"
"https://cpm-digital.ru/companies/company/39095-caroline-biss.html";"CAROLINE BISS";"https://carolinebiss.com/en";"+33 6 52 09 53 29";"allegro.achats@gmail.com"
"https://cpm-digital.ru/companies/company/39280-catania.html";"CATANIA";"";"";""
"https://cpm-digital.ru/companies/company/21462-catarina-nova.html";"CATARINA NOVA";"https://catarinanova.ru/catalog";"+7-911-219-40-03";"opt@catarinanova.ru"
"https://cpm-digital.ru/companies/company/38663-cavandoli.html";"CAVANDOLI";"";"";""
"https://cpm-digital.ru/companies/company/39295-ceremony.html";"CEREMONY";"http://ceremonyistanbul.com";"+905367744896";"info@ceremonyistanbul.com"
"https://cpm-digital.ru/companies/company/21465-cherepaha-shop.html";"CHEREPAHA.SHOP";"https://cherepaha.shop";"+79162966529";"lena@cherepaha.shop"
"https://cpm-digital.ru/companies/company/39394-alex-mia.html";"Chuangdu (guangzhou) Trading Co., Ltd";"https://qq.com";"8615805783973";"407374287@qq.com"
"https://cpm-digital.ru/companies/company/19569-cielle-confezioni.html";"CIELLE CONFEZIONI";"http://www.normeet.it";"+39 080 4832180";"commerciale@cielleconfezioni.it"
"https://cpm-digital.ru/companies/company/35855-city-classic.html";"CITY CLASSIC";"";"";""
"https://cpm-digital.ru/companies/company/36044-class-club.html";"CLASS CLUB";"";"";""
"https://cpm-digital.ru/companies/company/18792-claude.html";"CLAUDE";"https://claude.ru";"+7 (495) 981-54-31";"OPT@CLAUDE.RU"
"https://cpm-digital.ru/companies/company/22706-climber-by-cuno.html";"CLIMBER B.C.";"http://www.climberbc.com";"0090 212 638 77 26";"sales1@climberbc.com"
"https://cpm-digital.ru/companies/company/24792-cloxy.html";"CLOXY";"";"";""
"https://cpm-digital.ru/companies/company/19440-club-voltaire.html";"CLUB VOLTAIRE";"http://www.clubvoltaire.it";"+39 0573 975501";"info@clubvoltaire.it"
"https://cpm-digital.ru/companies/company/24344-come-prima.html";"Come Prima";"http://www.comeprima.ru";"+79197781619";"info@comeprima.ru"
"https://cpm-digital.ru/companies/company/18798-comintern.html";"COMINTERN";"https://comintern.by";"+375 (232) 33 57 59";"comintern@comintern.by"
"https://cpm-digital.ru/companies/company/25333-complex.html";"COMPLEX";"";"";""
"https://cpm-digital.ru/companies/company/28669-confabi.html";"CONFABI";"http://www.ma-esta.it";"+39 0377 56018";"commerciale@confabi.it"
"https://cpm-digital.ru/companies/company/19572-confezioni-framer.html";"CONFEZIONI FRAMER";"http://www.francescamercuriali.com";"+39 0546 46225";"info@francescamercuriali.com"
"https://cpm-digital.ru/companies/company/37439-cpm-fashion-stage.html";"CPM fashion stage";"";"";""
"https://cpm-digital.ru/companies/company/36078-cracpot-jeans.html";"CRACPOT JEANS";"";"";""
"https://cpm-digital.ru/companies/company/19446-creazioni-antonella.html";"CREAZIONI ANTONELLA";"http://www.antonellacouture.com";"721 281209";"info@creazioniantonella.com"
"https://cpm-digital.ru/companies/company/24930-daniele-callegari.html";"DANIELE CALLEGARI";"http://www.danielecallegari.it";"+79515474604";"info@danielecallegari.it"
"https://cpm-digital.ru/companies/company/36106-dantelle.html";"DANTELLE";"";"";""
"https://cpm-digital.ru/companies/company/36088-daradora.html";"DAR?DORA";"https://daradora.com";"+90 532 253 14 41";"info@daradora.com"
"https://cpm-digital.ru/companies/company/20550-daritt.html";"DARITT";"";"";""
"https://cpm-digital.ru/companies/company/22703-darkwin.html";"DARKWIN";"https://darkmen.com";"";"darkmen@darkmen.com.tr"
"https://cpm-digital.ru/companies/company/31046-davydov.html";"Davydov";"";"";""
"https://cpm-digital.ru/companies/company/34214-de-gosa.html";"DE-GOSA";"";"";""
"https://cpm-digital.ru/companies/company/38666-deboro.html";"Deboro";"";"";""
"https://cpm-digital.ru/companies/company/31520-devur.html";"Devur";"";"";""
"https://cpm-digital.ru/companies/company/19830-dimark.html";"DIMARK";"http://www.dimark.org";"+78352700202";"dimark-cheb@mail.ru"
"https://cpm-digital.ru/companies/company/35885-mossmore.html";"DIMARKIS DAY";"";"";""
"https://cpm-digital.ru/companies/company/23917-dispacci.html";"DISPACCI";"http://www.dispacci.ru";"+7 (499) 709 73 53";"info@dispacci.ru"
"https://cpm-digital.ru/companies/company/21291-diva-s.html";"DIVA'S";"";"";""
"https://cpm-digital.ru/companies/company/37043-dzyn-brands.html";"DIZAYN BRANDS";"http://www.dizaynbrands.com";"+905306552597";"muhasebe@dzynline.com"
"https://cpm-digital.ru/companies/company/34445-dolcezza.html";"DOLCEZZA";"https://dolcezza.ca";"";"info@dolcezza.ca"
"https://cpm-digital.ru/companies/company/39310-dominant.html";"DOMINANT";"";"";""
"https://cpm-digital.ru/companies/company/32525-dongguan-fnjia-knit-wear.html";"DONGGUAN FNJIA KNIT WEAR";"";"";""
"https://cpm-digital.ru/companies/company/19083-donna-bacconi.html";"DONNA BACCONI";"http://www.donnabacconi.com";"";""
"https://cpm-digital.ru/companies/company/19455-donne-da-sogno.html";"DONNE DA SOGNO";"http://www.donnedasogno.it";"+39 059 688173";"fashionservice.misha@gmail.com"
"https://cpm-digital.ru/companies/company/39352-donske.html";"DONSKE";"";"";""
"https://cpm-digital.ru/companies/company/21438-dovmont.html";"DOVMONT";"";"";""
"https://cpm-digital.ru/companies/company/25324-drejani.html";"DREJANI";"https://drejani.com";"+905332434344";"info@drejani.com"
"https://cpm-digital.ru/companies/company/21477-dzhuzz.html";"DZHUZZ";"https://mail.ru";"";"kolm.i@mail.ru"
"https://cpm-digital.ru/companies/company/23807-e-line-moda.html";"E-LINE MODA";"http://t.me/E_line_moda";"+7 926 211-00-43";"eline-moda-andrey@mail.ru"
"https://cpm-digital.ru/companies/company/19575-e-f-b.html";"E.F.B.";"http://www.elisafanti.it";"+39 0545 916497";"info@elisafanti.it"
"https://cpm-digital.ru/companies/company/19191-ebberro.html";"EBBERRO";"https://ebberro.com";"";""
"https://cpm-digital.ru/companies/company/22601-elena-popova.html";"ELENA POPOVA";"https://e-popova.ru";"+7 926 826-79-46";"popova-art@list.ru"
"https://cpm-digital.ru/companies/company/29485-elio-group.html";"ELI";"http://www.liujo.com";"+39 351 2465988";"allegrovsl@gmail.com"
"https://cpm-digital.ru/companies/company/36120-elisa-cavaletti.html";"ELISA CAVALETTI";"http://www.elisacavaletti.it";"+39 059 6323511";"reception@danieladallavalle.com"
"https://cpm-digital.ru/companies/company/19458-elisa-fanti.html";"ELISA FANTI";"http://www.elisafanti.it";"+39 0545 916497";"info@elisafanti.it"
"https://cpm-digital.ru/companies/company/34403-elisa-fashion-woman.html";"ELISA FASHION WOMAN";"";"";""
"https://cpm-digital.ru/companies/company/20727-eliseeva-olesya.html";"ELISEEVA OLESYA";"http://www.opteliseevaolesya.com";"";"info@eliseevaolesya.com"
"https://cpm-digital.ru/companies/company/39307-ella.html";"ELLA";"";"";""
"https://cpm-digital.ru/companies/company/34490-eminsa.html";"EMINSA";"";"";""
"https://cpm-digital.ru/companies/company/39403-enni-marco.html";"ENNI MARCO";"";"";""
"https://cpm-digital.ru/companies/company/21294-enrico-cerini.html";"ENRICO CERINI";"https://www.enricocerini.it";"+7 499 750 70 99";"enrico_cerini@mail.ru"
"https://cpm-digital.ru/companies/company/19218-eqmoda.html";"EQ MODA";"http://www.eqmoda.com";"";"info@eqmoda.com.tr"
"https://cpm-digital.ru/companies/company/29458-eshemoda.html";"Eshemoda";"";"";""
"https://cpm-digital.ru/companies/company/29098-pal-offner.html";"EURO FASHION";"https://euro-fashion.com";"+7 903 175 62 86";"opt@euro-fashion.com"
"https://cpm-digital.ru/companies/company/24975-europull.html";"EUROPULL";"http://www.greencoast.it";"+39 059 692696";"alessandro@greencoast.it"
"https://cpm-digital.ru/companies/company/35846-eva-luna.html";"Eva Luna";"https://evaluna.ru";"+78124093883";"evalunaspb@mail.ru"
"https://cpm-digital.ru/companies/company/29461-farberry.html";"FARBERRY";"https://farberry.ru";"+7 903 354-08-06";"info@farberry.ru"
"https://cpm-digital.ru/companies/company/29074-farfa.html";"FARFA";"http://www.farfaroma.com";"";""
"https://cpm-digital.ru/companies/company/36112-fashion-bridge.html";"FASHION BRIDGE";"https://refixnet.com";"";"faschiobridgesrl@gmail.com"
"https://cpm-digital.ru/companies/company/18828-fashion-stories.html";"FASHION STORIES";"https://www.fashion-stories.ru";"";""
"https://cpm-digital.ru/companies/company/21441-fasti-donici.html";"FASTI DONICI";"https://www.truvor.ru/brands/fasti-donici";"";""
"https://cpm-digital.ru/companies/company/19170-felicita.html";"FELICITA";"http://www.felicita.com";"";"info@felicita.com.tr"
"https://cpm-digital.ru/companies/company/29233-feraud.html";"FERAUD";"";"";""
"https://cpm-digital.ru/companies/company/19320-ferraro.html";"FERRARO";"https://b2b.ferahtriko";"";"b2b@ferahtriko.com"
"https://cpm-digital.ru/companies/company/39206-ferrone.html";"FERRONE";"http://www.sandroferrone.it";"+39 338 9448370";"p.buglione@hotmail.it"
"https://cpm-digital.ru/companies/company/20859-fine-joyce.html";"FINE JOYCE";"https://www.azbukamoda.ru";"";""
"https://cpm-digital.ru/companies/company/21594-first-in-space.html";"FIRST IN SPACE";"http://www.first-in-space.ru";"88005002528";"manager@first-in-space.ru"
"https://cpm-digital.ru/companies/company/18834-fishfash.html";"FISHFASH";"http://www.fishfash.net";"+79260958255";""
"https://cpm-digital.ru/companies/company/34454-fiumelli.html";"FIUMELLI";"";"";""
"https://cpm-digital.ru/companies/company/39071-foelife.html";"FOELIFE";"";"";""
"https://cpm-digital.ru/companies/company/39328-fortune-forest-textile-co-ltd.html";"Fortune Forest Textile Co. Ltd.";"";"";""
"https://cpm-digital.ru/companies/company/19443-francesca-mercuriali.html";"FRANCESCA MERCURIALI";"http://www.francescamercuriali.com";"+39 0546 46225";"info@francescamercuriali.com"
"https://cpm-digital.ru/companies/company/39083-francesco-marconi.html";"FRANCESCO MARCONI";"";"";""
"https://cpm-digital.ru/companies/company/35984-francesco-marcon.html";"FRANCESCO MARCONI";"";"";""
"https://cpm-digital.ru/companies/company/39433-francine-bramli.html";"Francine Bramli Paris";"";"";""
"https://cpm-digital.ru/companies/company/36056-franco-negretti.html";"FRANCO NEGRETTI";"http://www.franconegretti.com";"+905553638133";"info@franconegretti.com"
"https://cpm-digital.ru/companies/company/24713-fredrikson.html";"FREDRIKSON";"";"";""
"https://cpm-digital.ru/companies/company/23027-fuego.html";"FUEGO";"http://www.fuegowoman.com";"";""
"https://cpm-digital.ru/companies/company/23330-luxor-by-ramo.html";"G.E.Y.I.M";"https://www.instagram.com/geyim.brand";"+79777012023";"geyim.brand@gmail.com"
"https://cpm-digital.ru/companies/company/23938-galanteya.html";"GALANTEYA";"http://opt.galanteya";"+375 (17) 311 26 20";"info@galanteya.by"
"https://cpm-digital.ru/companies/company/20733-gang.html";"GANG";"http://www.india-style.ru";"+79263877590";"gangstyle@mail.ru"
"https://cpm-digital.ru/companies/company/39334-gaomi-qiyang-garments-co-ltd.html";"Gaomi Qiyang Garments Co., Ltd.";"";"";""
"https://cpm-digital.ru/companies/company/23324-garicci.html";"GARICCI";"https://mail.ru";"";"garicci@mail.ru"
"https://cpm-digital.ru/companies/company/36114-gas.html";"GAS";"https://refixnet.com";"";"fashionbridgesrl@gmail.com"
"https://cpm-digital.ru/companies/company/39262-generoso.html";"GENEROSO";"";"";""
"https://cpm-digital.ru/companies/company/39364-gfavor.html";"GFAVOR";"";"";""
"https://cpm-digital.ru/companies/company/31991-gil.html";"GIL";"https://mail.ru";"+79040991133";"gilopt@mail.ru"
"https://cpm-digital.ru/companies/company/39491-gini-jony.html";"GINI & JONY";"";"";""
"https://cpm-digital.ru/companies/company/23941-genfield.html";"GLENFIELD";"https://glenfield.ru";"8- 905 537 9303";"partner@glenfield.ru"
"https://cpm-digital.ru/companies/company/23944-gloria.html";"GLORIA TST";"https://gloriya-penza.ru";"";""
"https://cpm-digital.ru/companies/company/23615-golden-life-italia.html";"GOLDEN LIFE ITALIA";"https://justbefore.it";"+39 051 0228381";"commerciale@justbefore.it"
"https://cpm-digital.ru/companies/company/19587-goldme-italia.html";"GOLDME ITALIA";"http://www.goldmeitalia.com";"+39 049 5793344";"sagantasmoda@gmail.com"
"https://cpm-digital.ru/companies/company/31433-gozha.html";"GOZHA";"";"";""
"https://cpm-digital.ru/companies/company/19485-graziella-braccialini.html";"GRAZIELLA BRACCIALINI";"http://www.braccialini.it";"+39 055 75771";"info@graziellabraccialini.it"
"https://cpm-digital.ru/companies/company/36118-greda.html";"GREDA";"http://www.elisacavaletti.it";"+39 059 6323511";"reception@danieladallavalle.com"
"https://cpm-digital.ru/companies/company/19464-green-coast.html";"GREEN COAST";"http://www.greencoast.it";"+39 059 692696";"alessandro@greencoast.it"
"https://cpm-digital.ru/companies/company/25525-grizas.html";"GRIZAS";"";"";""
"https://cpm-digital.ru/companies/company/38660-grizman.html";"GRIZMAN";"";"";""
"https://cpm-digital.ru/companies/company/20910-grizman.html";"GRIZMAN";"https://grizman.ru";"+79587091901";"opt2@lawinter.ru"
"https://cpm-digital.ru/companies/company/18837-grostyle.html";"GROSTYLE";"https://grostyle.ru";"";"shop@grostyle.ru"
"https://cpm-digital.ru/companies/company/24010-premium-furs.html";"GRV";"https://mail.ru";"";"Premium-furs@mail.ru"
"https://cpm-digital.ru/companies/company/25387-guitar.html";"GUITAR";"https://guitarjeans.com";"+90 538 594 98 66";"onur@guitar.com.tr"
"https://cpm-digital.ru/companies/company/19878-hassfashion.html";"HASS";"https://hassfashion.ru";"+7(495)798-98-83";"info@hassfashion.ru"
"https://cpm-digital.ru/companies/company/36122-haveone.html";"HAVEONE";"http://www.haveone.it";"+39 051 0228270";"entonislamaj@gmail.com"
"https://cpm-digital.ru/companies/company/19452-hc-antonella.html";"HC ANTONELLA";"http://www.antonellacouture.com";"721 281209";"info@creazioniantonella.com"
"https://cpm-digital.ru/companies/company/36764-henan-cciola-i-e-trading-co-ltd.html";"HENAN CCIOLA I./E. TRADING CO., LTD.";"http://www.cciola-jacket.com";"86 13949147362";""
"https://cpm-digital.ru/companies/company/35988-henney-bear.html";"HENNEY BEAR";"";"";""
"https://cpm-digital.ru/companies/company/24088-heresis.html";"HERESIS";"http://www.heresis.it";"+39 080 4302406";"heresis@heresis.it"
"https://cpm-digital.ru/companies/company/39361-hongxinnuoya.html";"HONGXINNUOYA";"";"";""
"https://cpm-digital.ru/companies/company/37550-humility.html";"HUMILITY";"";"";""
"https://cpm-digital.ru/companies/company/39467-hw-apparels-international-private-limited.html";"HW Apparels International Private Limited";"";"";""
"https://cpm-digital.ru/companies/company/31775-igor-fashion.html";"IGOR FASHION";"http://www.igordobranic.com";"+74956444584";"moda21vek2005@yandex.ru"
"https://cpm-digital.ru/companies/company/21648-igor-plaxa.html";"IGOR PLAXA";"https://igorplaxa.com";"+7 (930) 123-57-77";"info@igorplaxa.com"
"https://cpm-digital.ru/companies/company/19482-il-vento-e-la-seta.html";"IL VENTO E LA SETA";"http://www.goldmeitalia.com";"+39 049 5793344";"sagantasmoda@gmail.com"
"https://cpm-digital.ru/companies/company/20010-intikoma.html";"INTIKOMA";"https://www.intikoma.ru";"+7 (495) 507-43-44";"info@intikoma.ru"
"https://cpm-digital.ru/companies/company/25393-it-s-basic.html";"IT'S BASIC";"https://www.itsbasic.com";"+90 549 162 12 01";"s.kazakova@itsbasic.com"
"https://cpm-digital.ru/companies/company/20946-itkib.html";"ITKIB";"";"";""
"https://cpm-digital.ru/companies/company/39319-itkib-cafe.html";"Itkib Cafe";"";"";""
"https://cpm-digital.ru/companies/company/39427-ivell.html";"IVELL";"";"";""
"https://cpm-digital.ru/companies/company/38690-ivko.html";"IVKO";"";"";""
"https://cpm-digital.ru/companies/company/19539-j-b4-just-before.html";"J.B4";"http://www.justbefore.it";"+39 051 0228381";"commerciale@justbefore.it"
"https://cpm-digital.ru/companies/company/25198-jane-doe.html";"JANE DOE";"http://janedoe.ru";"+79602549560";"jane@janedoe.ru"
"https://cpm-digital.ru/companies/company/19314-jeanne-darc.html";"JEANNE DARC";"http://www.jeannedarc.com";"";"emre@jeannedarc.com.tr"
"https://cpm-digital.ru/companies/company/23735-jeffa.html";"JEFFA";"http://www.jeffa.ru";"+7 (926) 969-22-17";"imperyamody4@yandex.ru"
"https://cpm-digital.ru/companies/company/28738-jfk-2-0.html";"JFK 2.0";"http://www.blukey.it";"+39 031 511097";"gpeverelli@jfksrl.com"
"https://cpm-digital.ru/companies/company/39343-jihoo.html";"JIHOO";"";"";""
"https://cpm-digital.ru/companies/company/39388-jinyuelai.html";"JINYUELAI";"";"";""
"https://cpm-digital.ru/companies/company/39358-joyous.html";"Joyous";"";"";""
"https://cpm-digital.ru/companies/company/39337-jsfur.html";"JSFUR";"";"";""
"https://cpm-digital.ru/companies/company/39376-kafute.html";"KAFUTE";"";"";""
"https://cpm-digital.ru/companies/company/39436-kailu.html";"KaiLu";"";"";""
"https://cpm-digital.ru/companies/company/39445-kaliningrad-region.html";"KALININGRAD REGION";"";"";""
"https://cpm-digital.ru/companies/company/23072-katrin-gold.html";"KATRIN GOLD";"https://t.me/+qQ2cFQ79j9ozZDYy";"";"katrin.gold01@mail.ru"
"https://cpm-digital.ru/companies/company/28993-kenbey.html";"KENBEY";"https://kenbey.com";"+90 532 131 71 37";"info@kenbey.com.tr"
"https://cpm-digital.ru/companies/company/25360-ketroy.html";"KETROY";"http://www.ketroy.com";"+905354874577";"info@ketroy.com"
"https://cpm-digital.ru/companies/company/19179-kezz.html";"KEZZ";"http://www.kezzbrand.com";"+905334358375";"mettas@mettas.com"
"https://cpm-digital.ru/companies/company/39268-kigili.html";"K??ILI";"http://www.kigili.com";"+902626581315";"info@kigili.com.tr"
"https://cpm-digital.ru/companies/company/23783-klukva.html";"KLYKVA";"https://klykva.moscow";"+7 (901) 979-38-38";"opt2@klykva.moscow"
"https://cpm-digital.ru/companies/company/21306-komova.html";"KOMOVA";"http://komova.ru";"+7(903)799-92-69";"komova-design@mail.ru"
"https://cpm-digital.ru/companies/company/23123-koroleva-xl.html";"KOROLEVA XL";"";"";""
"https://cpm-digital.ru/companies/company/39086-koverkot.html";"KOVERKOT NF";"";"";""
"https://cpm-digital.ru/companies/company/19623-krikos.html";"KRIKOS";"http://www.krikos.ru";"";""
"https://cpm-digital.ru/companies/company/18858-kroyyork.html";"KROYYORK";"https://kroyyork.ru";"8 495 172 69 66";"info@kroyyork.ru"
"https://cpm-digital.ru/companies/company/18864-l-amir.html";"L'AMIR";"http://lamir-caps.ru";"+79283895056";"op@lamir-caps.ru"
"https://cpm-digital.ru/companies/company/19224-la-chere.html";"LA CHERE";"http://www.lachere.net";"";""
"https://cpm-digital.ru/companies/company/18861-la-nature.html";"LA NATURE";"https://lanature.ru";"+79295405266";"krasnova@lanature.ru"
"https://cpm-digital.ru/companies/company/25522-la-vaca-loca.html";"LA VACA LOCA";"";"";""
"https://cpm-digital.ru/companies/company/23995-navella.html";"LACIANTA";"https://lacianta.ru";"+79775270000";"lacianta@yandex.ru"
"https://cpm-digital.ru/companies/company/21336-lady-sharm.html";"LADY SHARM";"https://ledisharm.com";"8(812)426-15-25";"info@ledisharm.com"
"https://cpm-digital.ru/companies/company/39316-lafilli.html";"LAFILLI";"";"";""
"https://cpm-digital.ru/companies/company/29494-lancaster.html";"LANCASTER";"http://www.refixnet.com";"+39 348 6415180";"damiano@refixnet.com"
"https://cpm-digital.ru/companies/company/18867-lawinter.html";"LAWINTER";"https://lawinter.ru";"+79587091901";"opt2@lawinter.ru"
"https://cpm-digital.ru/companies/company/39430-le-carose.html";"LE CAROSE";"";"";""
"https://cpm-digital.ru/companies/company/38675-le-luemarcel.html";"LE LUEMARCEL";"";"";""
"https://cpm-digital.ru/companies/company/21909-lea-vinci.html";"LEA VINCI";"http://www.leavinci.ru";"+7 (812) 309-01-74";""
"https://cpm-digital.ru/companies/company/21339-lealea.html";"LEALEA";"http://lealea.by";"+375162551855";"lealea.studio@mail.ru"
"https://cpm-digital.ru/companies/company/22104-leo-guy.html";"LEO GUY";"";"";""
"https://cpm-digital.ru/companies/company/24810-lesel.html";"LESEL";"https://lesel.org";"+7-963-661-77-33";"leselopt1@gmail.com"
"https://cpm-digital.ru/companies/company/39412-lesia-lisun.html";"LESIA LISUN";"";"";""
"https://cpm-digital.ru/companies/company/18966-levelpro.html";"LEVELPRO";"http://www.levelpro68.ru";"+79537241722";"office@levelpro68.ru"
"https://cpm-digital.ru/companies/company/34229-levelprokids.html";"LEVELPROKIDS";"";"";""
"https://cpm-digital.ru/companies/company/21720-lindi-west.html";"LINDI WEST";"http://www.lindiwest.com";"";""
"https://cpm-digital.ru/companies/company/21534-liu-jo-shoes.html";"LIU JO SHOES";"http://www.liujo.com";"+39 351 2465988";"allegrovsl@gmail.com"
"https://cpm-digital.ru/companies/company/39191-lizalu.html";"LIZALU'";"http://www.lizalu.it";"+39 338 9448370";"p.buglione@hotmail.it"
"https://cpm-digital.ru/companies/company/39325-long-zeal-international-huaian.html";"Long Zeal International(HUAIAN)";"";"";""
"https://cpm-digital.ru/companies/company/21351-lorentino.html";"LORENTINO";"https://lorentino.ru";"+74956321330";"lorentino@inbox.ru"
"https://cpm-digital.ru/companies/company/22559-lory-nait.html";"LORY";"http://www.lorynait.ru";"ы:";"info@lorynait.ru"
"https://cpm-digital.ru/companies/company/39271-lote.html";"LOTE";"";"";""
"https://cpm-digital.ru/companies/company/35361-lou-andrea.html";"LOU ANDREA";"";"";""
"https://cpm-digital.ru/companies/company/34205-ludor.html";"LUDOR";"https://ludor66.ru";"+79221780698";"nn@ludor66.ru"
"https://cpm-digital.ru/companies/company/23081-lusio.html";"LUSIO";"";"";""
"https://cpm-digital.ru/companies/company/25885-luukaa.html";"LUUKAA";"";"";""
"https://cpm-digital.ru/companies/company/27577-m-brc.html";"M*BRC";"";"";""
"https://cpm-digital.ru/companies/company/23507-madzerini.html";"MADZERINI";"http://www.madzerini.it";"";""
"https://cpm-digital.ru/companies/company/28675-maesta.html";"MAESTA";"http://www.ma-esta.it";"+39 0377 56018";"commerciale@confabi.com"
"https://cpm-digital.ru/companies/company/19590-maglificio-da-ni.html";"MAGLIFICIO DA-NI";"http://www.shesso.com";"+39 0541 945768";"info@shesso.com"
"https://cpm-digital.ru/companies/company/19503-malagrida.html";"MALAGRIDA";"http://www.malagrida.it";"733 966413";"info@malagrida.it"
"https://cpm-digital.ru/companies/company/19593-malagrida-manifatture.html";"MALAGRIDA MANIFATTURE";"http://www.malagrida.it";"733 966413";"info@malagrida.it"
"https://cpm-digital.ru/companies/company/23627-manifattura-fermana.html";"MANIFATTURA FERMANA";"http://manifatturafermana.it";"734 760995";"ufficio@manifatturafermana.it"
"https://cpm-digital.ru/companies/company/23744-mara-plus.html";"MARA PLUS";"http://www.ecomara.ru";"";"Kostroma@mail.ru"
"https://cpm-digital.ru/companies/company/19296-maraton.html";"MARATON";"http://maratonsw.com";"+902124476060";"info@maratonsport.com.tr"
"https://cpm-digital.ru/companies/company/21150-marco-zanetti.html";"MARCO ZANETTI";"http://www.bugoos.com";"";""
"https://cpm-digital.ru/companies/company/35867-marilyn.html";"MARILYN";"";"";""
"https://cpm-digital.ru/companies/company/19323-marisis.html";"MARISIS";"http://www.marisis.com";"";"marisis@hotmail.com"
"https://cpm-digital.ru/companies/company/31139-markova.html";"MARKOVA";"http://www.markovastore.com";"+905426422089";"info@markova.com.tr"
"https://cpm-digital.ru/companies/company/24909-marlen.html";"MARLEN";"https://marlen-dress.ru";"";"sales@a-mtr.com"
"https://cpm-digital.ru/companies/company/25044-massana.html";"MASSANA";"";"";""
"https://cpm-digital.ru/companies/company/34172-mat.html";"MAT";"https://b2b.matfashion";"+306984140075";"info@matfashion.com"
"https://cpm-digital.ru/companies/company/39379-matin-stan.html";"Matin&Stan";"";"";""
"https://cpm-digital.ru/companies/company/20052-maxexpromt.html";"MAXEXPROMT";"http://www.maxexpromt.ru";"8-960-132-01-96";"MAXEXPROMT.SALE@GMAIL.COM"
"https://cpm-digital.ru/companies/company/21054-mcr-moda-crise.html";"MCR MODA CRISE";"http://www.mcr.com";"+905558074154";"kaan@modacrise.com"
"https://cpm-digital.ru/companies/company/39391-meichen.html";"MEICHEN";"";"";""
"https://cpm-digital.ru/companies/company/19407-meimeij.html";"MEIMEIJ";"https://www.meimeij.it//af_it/control/index";"+39 059 8635328";"info@meimeij.it"
"https://cpm-digital.ru/companies/company/23099-mete-collection.html";"METE COLLECTION";"https://yandex.ru";"+7905-760-27-74";"Iifecashmere@yandex.ru"
"https://cpm-digital.ru/companies/company/20061-meylim.html";"MEYLIM";"http://www.meylim.ru";"";""
"https://cpm-digital.ru/companies/company/24085-mg-fashion.html";"MG FASHION";"http://www.heresis.it";"+39 080 4302406";"heresis@heresis.it"
"https://cpm-digital.ru/companies/company/25303-miami-beach.html";"MIAMI PLAJI";"http://www.miamibeach.com";"+90 539 470 80 80";"info@miamibeach.com.tr"
"https://cpm-digital.ru/companies/company/39424-migel.html";"Migel";"";"";""
"https://cpm-digital.ru/companies/company/22113-mila-paloma.html";"MILA PALOMA";"";"";""
"https://cpm-digital.ru/companies/company/24957-milva-mi.html";"MILVA MI";"http://www.milva.mi";"+39 349 1859836";"conthe@mail.ru"
"https://cpm-digital.ru/companies/company/24954-milva-p.html";"MILVA P.";"http://www.milva.mi";"+39 349 1859836";"conthe@mail.ru"
"https://cpm-digital.ru/companies/company/18888-mir-cashmere.html";"MIR CASHMERE";"http://www.mir-kashemira.ru";"+7 (985) 040 - 34 - 56";"kashemir-office@yandex.ru"
"https://cpm-digital.ru/companies/company/18810-deify.html";"Miss Freya";"https://deify-msk.ru";"+7 (495) 698-63-39";"info@deify-msk.ru"
"https://cpm-digital.ru/companies/company/39461-mlk-exports-p-ltd.html";"MLK Exports (P) Ltd.";"";"";""
"https://cpm-digital.ru/companies/company/30349-modalinda.html";"Modalinda";"";"";""
"https://cpm-digital.ru/companies/company/19131-modessan-glr.html";"MODESSAN GLR";"http://www.modessan.com";"";"muhasebe@modessan.com"
"https://cpm-digital.ru/companies/company/24719-monchalieu.html";"MONCHALIEU";"";"";""
"https://cpm-digital.ru/companies/company/36046-montegro.html";"MONTEGRO";"";"";""
"https://cpm-digital.ru/companies/company/31124-moonart.html";"MOONART";"https://www.urteks.com";"+79017902020";""
"https://cpm-digital.ru/companies/company/19596-moretti-moda.html";"MORETTI MODA";"http://www.pieromoretti.it";"+39 0541 386148";"info@pieromoretti.it"
"https://cpm-digital.ru/companies/company/19605-mp-di-rosanna-pellegrini.html";"MP DI ROSANNA PELLEGRINI";"http://www.rosannapellegrini.it";"+39 0541 629717";"mp@rosannapellegrini.it"
"https://cpm-digital.ru/companies/company/35337-mpc.html";"MPC";"";"";""
"https://cpm-digital.ru/companies/company/37040-my-twins.html";"My Twins";"https://www.mytwins.org";"+905466245858";""
"https://cpm-digital.ru/companies/company/28519-myd-basic.html";"MYD";"";"";""
"https://cpm-digital.ru/companies/company/24840-nadex.html";"NADEX";"http://www.nadex.by";"+375236249809";"info@nadex.by"
"https://cpm-digital.ru/companies/company/31112-nagrada.html";"NAGRADA";"";"";""
"https://cpm-digital.ru/companies/company/34487-naonamazotti.html";"NAONAMAZOTTI";"";"";""
"https://cpm-digital.ru/companies/company/34460-ncs.html";"NCS";"http://www.ncsjeans.com";"00905324605875";"ademircan@ncsjeans.com"
"https://cpm-digital.ru/companies/company/39488-needle-india-northern-india-trading-co.html";"Needle India. / Northern India Trading Co";"";"";""
"https://cpm-digital.ru/companies/company/23312-nelva.html";"NELVA";"http://www.nelva.by";"";""
"https://cpm-digital.ru/companies/company/34797-nesil.html";"NESIL";"";"";""
"https://cpm-digital.ru/companies/company/34551-new-think.html";"New Think";"";"";""
"https://cpm-digital.ru/companies/company/39349-newtex.html";"NEWTEX";"";"";""
"https://cpm-digital.ru/companies/company/35990-nicole-lee.html";"NICOLE LEE";"";"";""
"https://cpm-digital.ru/companies/company/20748-nika-fashion.html";"NIKA FASHION";"http://www.nikafashion.ru";"";""
"https://cpm-digital.ru/companies/company/25408-nina-vikont.html";"NINA VIKONT";"http://ninavikont.ru";"+79267929668";"glovesvikont@mail.ru"
"https://cpm-digital.ru/companies/company/39373-nisho.html";"NISHO";"";"";""
"https://cpm-digital.ru/companies/company/20811-noche-mio.html";"NOCHE MIO";"https://nochemio.by";"+375 162 53-09-11";"mail@nochemio.by"
"https://cpm-digital.ru/companies/company/19437-normeet.html";"NORMEET";"http://www.normeet.it";"+39 080 4832180";"commerciale@cielleconfezioni.it"
"https://cpm-digital.ru/companies/company/30526-norppa.html";"NORPPA";"https://norppa.ru";"+78123368777";"office@norppa.ru"
"https://cpm-digital.ru/companies/company/20160-nortfolk.html";"NORTFOLK";"";"";""
"https://cpm-digital.ru/companies/company/20742-norveg.html";"NORVEG";"http://www.norveg.ru";"+7(495)9885262";""
"https://cpm-digital.ru/companies/company/19521-oblique-creations.html";"OBLIQUE CREATIONS";"http://www.obliquecreations.eu";"+39 051 861862";"oblique.moscow@gmail.com"
"https://cpm-digital.ru/companies/company/18903-open-fashion.html";"OPEN FASHION";"http://www.open-fashion.ru";"8 800 5555-631";"info@open-fashion.ru"
"https://cpm-digital.ru/companies/company/21642-ostraya-roza.html";"OSTRAYA ROZA";"http://www.roza21.ru";"89176500051";"or21@inbox.ru"
"https://cpm-digital.ru/companies/company/36116-over-d.html";"OVER/D";"https://refixnet.com";"";"fashionbridgesrl@gmail.com"
"https://cpm-digital.ru/companies/company/19725-palla.html";"PALLA";"https://palla.su";"8 (800) 555-17-03";"info@palla.su"
"https://cpm-digital.ru/companies/company/24951-paquito.html";"PAQUITO";"http://www.paquitoprontomoda.com";"+39 051 862430";"info@paquitoprontomoda.com"
"https://cpm-digital.ru/companies/company/28495-pars-gear.html";"PARS GEAR";"http://parsgearr.com";"+905321007283";"parsgearr@gmail.com"
"https://cpm-digital.ru/companies/company/22814-pera-pelle.html";"PERA PELLE";"http://www.adalideri.com";"+90 212 510 60 52";"info@adalideri.com.tr"
"https://cpm-digital.ru/companies/company/39292-perre.html";"PERRE";"http://www.perre.com";"+902124151357";"doguderi@doguderi.com"
"https://cpm-digital.ru/companies/company/22700-phardi.html";"PHARDI";"http://www.phardi.com";"";""
"https://cpm-digital.ru/companies/company/39068-picanto.html";"PICANTO";"";"";""
"https://cpm-digital.ru/companies/company/22733-piena.html";"PIENA";"http://www.piena.com";"";""
"https://cpm-digital.ru/companies/company/19506-piero-moretti.html";"PIERO MORETTI";"http://www.pieromoretti.it";"+39 0541 386148";"info@pieromoretti.it"
"https://cpm-digital.ru/companies/company/25363-piserro.html";"Piserro-PSR";"http://piserro.com";"+79647228833";"akillihakan@hotmail.com"
"https://cpm-digital.ru/companies/company/24461-plan-b.html";"Plan B";"http://planb-store.ru";"+7 (906)444-38-88";"sales@adel-hat.ru"
"https://cpm-digital.ru/companies/company/27739-pompa.html";"POMPA";"https://www.pompa.ru";"8 (812) 384-10-52";"info@pompa.ru"
"https://cpm-digital.ru/companies/company/25528-praechtig-berlin.html";"PRAECHTIG BERLIN";"";"";""
"https://cpm-digital.ru/companies/company/38681-premiere.html";"PREMIERE";"";"";""
"https://cpm-digital.ru/companies/company/20862-primm.html";"PRIMM";"https://www.azbukamoda.ru";"";""
"https://cpm-digital.ru/companies/company/36124-prosperine.html";"PROSPERINE";"https://www.prosperine.it/en";"+39 0575 488626";"marco@prosperine.it"
"https://cpm-digital.ru/companies/company/22763-punkqueen.html";"PUNK QUEEN";"";"";""
"https://cpm-digital.ru/companies/company/18912-rachell-fabri.html";"RACHELL FABRI";"http://www.rachellfabri.ru";"+7 (962) 948 80 96";""
"https://cpm-digital.ru/companies/company/20985-rafaello.html";"RAFAELLO";"http://www.rafaello.com";"";""
"https://cpm-digital.ru/companies/company/21393-raganella-princess.html";"RAGANELLA PRINCESS";"http://raganellaprincess.com";"";""
"https://cpm-digital.ru/companies/company/39298-raguba.html";"RAGUBA";"";"";""
"https://cpm-digital.ru/companies/company/22766-raw.html";"RAW";"http://www.rawdenimlife.com";"";""
"https://cpm-digital.ru/companies/company/38669-ref-logistics.html";"REF LOGISTICS";"";"";""
"https://cpm-digital.ru/companies/company/19533-refixnet-di-damiano-cassi.html";"REFIXNET DI DAMIANO CASSI";"http://www.refixnet.com";"+39 348 6415180";"damiano@refixnet.com"
"https://cpm-digital.ru/companies/company/36020-remington-fashion.html";"REMINGTON FASHION";"https://remington.fashion";"";""
"https://cpm-digital.ru/companies/company/39482-rhythm-knit-india-private-limited.html";"Rhythm Knit India Private Limited";"";"";""
"https://cpm-digital.ru/companies/company/39301-riccomen.html";"RICCOMEN";"https://riccomen.com";"+905355674289";"laleli@riccomen.com"
"https://cpm-digital.ru/companies/company/19560-rinascimento.html";"RINASCIMENTO";"https://teddy.it";"+39 338 5703987";"gberni@teddy.it"
"https://cpm-digital.ru/companies/company/19917-roberto-cornelli.html";"ROBERTO CORNELLI";"http://www.accessories-111.ru";"";"akceccuar@mail.ru"
"https://cpm-digital.ru/companies/company/39286-rodnik.html";"RODNIK";"";"";""
"https://cpm-digital.ru/companies/company/24680-romantic.html";"ROMANTIC";"";"";""
"https://cpm-digital.ru/companies/company/20712-romgil.html";"ROMGIL";"http://www.romgil.com";"+375298802553";"partners@romgil.com"
"https://cpm-digital.ru/companies/company/22796-ronin.html";"RONIN";"http://www.ronintekstil.com";"+905323361809";"ronintekstil@hotmail.com"
"https://cpm-digital.ru/companies/company/19518-rosanna-pellegrini.html";"ROSANNA PELLEGRINI";"http://www.rosannapellegrini.it";"+39 0541 629717";"mp@rosannapellegrini.it"
"https://cpm-digital.ru/companies/company/26062-r-sch.html";"R?sch";"";"";""
"https://cpm-digital.ru/companies/company/39397-rose-mermaid.html";"ROSE MERMAID";"";"";""
"https://cpm-digital.ru/companies/company/39473-s-aradhana-knitting-mills-p-ltd.html";"S. Aradhana Knitting Mills P. Ltd.";"";"";""
"https://cpm-digital.ru/companies/company/39464-sakthi-infra-tex-private-limited.html";"Sakthi Infra Tex Private Limited";"";"";""
"https://cpm-digital.ru/companies/company/25372-samsara.html";"SAMSARA";"";"";""
"https://cpm-digital.ru/companies/company/32402-sanctamuerte.html";"Sanctamuerte";"";"";""
"https://cpm-digital.ru/companies/company/39209-sandro-ferrone.html";"SANDRO FERRONE";"http://www.sandroferrone.it";"+39 338 9448370";"p.buglione@hotmail.it"
"https://cpm-digital.ru/companies/company/31514-sarkisova.html";"SARKISOVA";"";"";""
"https://cpm-digital.ru/companies/company/19086-sartoria-marenero.html";"SARTORIA MARENERO";"http://www.mapata.com";"";"helinaksu@mapata.com.tr"
"https://cpm-digital.ru/companies/company/22149-savage.html";"Savage";"http://www.savage.ru";"+7 (965) 824-68-76";"info@savage.ru"
"https://cpm-digital.ru/companies/company/20103-scanndi-finland.html";"SCANNDI";"http://www.scanndi.com";"";""
"https://cpm-digital.ru/companies/company/21519-scudrera.html";"SCUDRERA";"http://www.biancalancia.it";"+39 0422 825113";"info@scudrera.it"
"https://cpm-digital.ru/companies/company/39313-senfoni.html";"SENFONI";"";"";""
"https://cpm-digital.ru/companies/company/21663-serginnetti.html";"SERGINNETTI";"https://serginnetti-opt.ru/cooperation";"+7(843)561-07-07";"guzel@serginnetti.ru"
"https://cpm-digital.ru/companies/company/35861-sergio-dallini.html";"Sergio Dallini";"https://sergiodallini.ru";"+7 985 227 57 70";"Info@duteltd.ru"
"https://cpm-digital.ru/companies/company/19194-seri-anno.html";"SER?ANNO";"http://www.serianno.com";"";"info@serianno.com.tr"
"https://cpm-digital.ru/companies/company/21231-setre.html";"SETRE";"http://www.setrestore.com";"";"info@setre.com"
"https://cpm-digital.ru/companies/company/34190-sevingin.html";"SEVINGIN";"";"";""
"https://cpm-digital.ru/companies/company/31058-shalle.html";"SHALLE";"";"";""
"https://cpm-digital.ru/companies/company/25462-shapki-ru.html";"SHAPKI.RU";"https://t.me/shapki_ru";"+79655883588";"minzifa-is79@mail.ru"
"https://cpm-digital.ru/companies/company/24677-sharm-collection.html";"SHARM COLLECTION";"https://mail.ru";"";"sharm-palto@mail.ru"
"https://cpm-digital.ru/companies/company/19500-she-s-so.html";"SHE'S SO";"http://www.shesso.com";"+39 0541 945768";"info@shesso.com"
"https://cpm-digital.ru/companies/company/39367-shine.html";"SHINE";"";"";""
"https://cpm-digital.ru/companies/company/37232-shlomo.html";"SHLOMO";"";"";""
"https://cpm-digital.ru/companies/company/39485-silver-spark-apparel-limited.html";"Silver Spark Apparel Limited";"";"";""
"https://cpm-digital.ru/companies/company/39406-siniy-len.html";"SINIY LEN";"";"";""
"https://cpm-digital.ru/companies/company/27814-sinta.html";"SINTA";"";"";""
"https://cpm-digital.ru/companies/company/24016-siringa.html";"SIRINGA";"https://www.hats.msk";"+7 (495) 649-86-70";"sales@hats.msk.ru"
"https://cpm-digital.ru/companies/company/24019-skifhat.html";"SKIFFHAT";"http://skifhat.ru";"+7 (910) 754-18-69";"info@skifhat.ru"
"https://cpm-digital.ru/companies/company/23462-sky-fashion.html";"SKY FASHION";"https://sky-fashion.ru";"+79036811956";"skyfas.official@gmail.com"
"https://cpm-digital.ru/companies/company/20181-so-cute.html";"SO CUTE";"http://socuteistanbul.com";"";""
"https://cpm-digital.ru/companies/company/20751-sofia.html";"SOFIA";"";"";""
"https://cpm-digital.ru/companies/company/23777-sollery.html";"SOLLERY";"https://sollery.fashion";"88005115195";"info@sollery.fashion"
"https://cpm-digital.ru/companies/company/38687-sorena.html";"SORENA";"";"";""
"https://cpm-digital.ru/companies/company/36377-spark-kargo.html";"SPARK KARGO";"";"";""
"https://cpm-digital.ru/companies/company/39449-stanfab-apparels-private-limited.html";"Stanfab Apparels Private Limited";"";"";""
"https://cpm-digital.ru/companies/company/24834-stella-rossa.html";"STELLA ROSSA";"https://valery.satyrova";"";"valery.satyrova@yandex.com"
"https://cpm-digital.ru/companies/company/21414-stern.html";"STERN";"https://opt.stern";"8 800 200-84-57";"stern.opt@gmail.com"
"https://cpm-digital.ru/companies/company/39455-stowa-garments.html";"Stowa Garments";"";"";""
"https://cpm-digital.ru/companies/company/39382-sutonghanhan.html";"SUTONGHANHAN";"";"";""
"https://cpm-digital.ru/companies/company/39415-svetlanova.html";"SVETLANOVA";"";"";""
"https://cpm-digital.ru/companies/company/34638-teddy.html";"TEDDY";"https://teddy.it";"+39 338 5703987";"gberni@teddy.it"
"https://cpm-digital.ru/companies/company/25399-tello-jeans.html";"TELLO JNS";"http://www.tellojeans.com";"";"info@tellojeans.com"
"https://cpm-digital.ru/companies/company/22089-tezido.html";"TEZIDO";"";"";""
"https://cpm-digital.ru/companies/company/22535-anna-verdi.html";"THESHUBKA";"http://annaverdi.com";"+7 (812) 703-34-70";"opt@annaverdi.com"
"https://cpm-digital.ru/companies/company/39418-ti-tocco.html";"Ti Tocco";"";"";""
"https://cpm-digital.ru/companies/company/21819-tomo.html";"TOMO";"http://www.21moda.ru";"+7-495-644-45-84";"moda21vek2005@yandex.ru"
"https://cpm-digital.ru/companies/company/24046-torriss.html";"TORRISS";"";"";""
"https://cpm-digital.ru/companies/company/39215-tricot-chic.html";"TRICOT CHIC";"http://www.tricotchic.it";"+39 039 513556";"ck.ckiara@gmail.com"
"https://cpm-digital.ru/companies/company/23525-tricotier.html";"TRICOTIER";"http://www.shapkaopt.ru";"";""
"https://cpm-digital.ru/companies/company/21912-trifo.html";"TRIFO";"https://trifo-rus.ru";"+7 (812) 309-01-74";""
"https://cpm-digital.ru/companies/company/29050-trippen.html";"TRIPPEN";"";"";""
"https://cpm-digital.ru/companies/company/19767-truvor.html";"TRUVOR";"https://www.truvor.ru";"";"truvor@truvor.ru"
"https://cpm-digital.ru/companies/company/25231-tuffoni.html";"TUFFONI";"http://www.tuffoni.com";"+79776715144";"info@tuffoni.com"
"https://cpm-digital.ru/companies/company/35864-tuosite.html";"TUOSITE";"";"";""
"https://cpm-digital.ru/companies/company/18939-ultramarine.html";"ULTRAMARINE";"https://ultramarine-spb.ru";"+7 (921) 979-18-10";"mail@ultramarine-spb.ru"
"https://cpm-digital.ru/companies/company/18942-uvelina.html";"UVELINA";"http";"8(383)363-63-07";"uvelinam@mail.ru"
"https://cpm-digital.ru/companies/company/25894-vaganza.html";"VAGANZA";"https://www.vaganza.com";"+90 551 938 8040";"info@vaganza.com.tr"
"https://cpm-digital.ru/companies/company/39212-valentino.html";"VALENTINO";"http://www.refixnet.com";"+39 348 6415180";"damiano@refixnet.com"
"https://cpm-digital.ru/companies/company/21426-velocity.html";"VELOCITY";"https://velocityopt.ru";"";"sale@velocity.ru"
"https://cpm-digital.ru/companies/company/22784-verda.html";"Verda";"http://verdatextile.com";"";""
"https://cpm-digital.ru/companies/company/24099-vereteno.html";"VERETENO";"http://www.vereteno-fashion.ru";"+7 (926) 405- 16-78";"vereteno@vereteno.biz"
"https://cpm-digital.ru/companies/company/25888-vetono.html";"VETONO";"";"";""
"https://cpm-digital.ru/companies/company/19476-vicolo.html";"VICOLO";"http://www.vicolo.com";"+39 0429 773632";"primatour.it@gmail.com"
"https://cpm-digital.ru/companies/company/34220-viktoria-logistica.html";"VIKTORIA LOJISTIK";"https://viktoriagroup.ru";"";""
"https://cpm-digital.ru/companies/company/29281-vilatte.html";"VILATTE";"https://opt.vilatte";"8-804-700-20-66";"info@vilatte.ru"
"https://cpm-digital.ru/companies/company/19776-villagi.html";"VILLAGI";"http://www.villagi.ru";"+7(917)051 5016";"villagi_shop@mail.ru"
"https://cpm-digital.ru/companies/company/39089-vincente.html";"VINCENTE";"";"";""
"https://cpm-digital.ru/companies/company/20844-vintage-plus.html";"VINTAGE PLUS";"http://www.vintageplus.ru";"";""
"https://cpm-digital.ru/companies/company/34659-violanti.html";"VIOLANTI";"http://www.violanti.eu";"+39 0571 711822";"greta@violanti.eu"
"https://cpm-digital.ru/companies/company/31106-vip-stendo.html";"VIP STENDO";"https://www.vipstendo.com";"+905324086505";"info@vipstendo.com"
"https://cpm-digital.ru/companies/company/20847-vira-plotnikova.html";"VIRA PLOTNIKOVA";"https://viraplotnikova.com";"ных номерах есть возможность общения по WhatsApp";"info@viraplotnikova.com"
"https://cpm-digital.ru/companies/company/18951-virgi-style.html";"VIRGI STYLE";"https://www.virgi-style.ru";"+7 (912) 890 27 14";"virgi-style@mail.ru"
"https://cpm-digital.ru/companies/company/34656-visconf.html";"VISCONF";"http://www.violanti.eu";"+39 0571 711822";"greta@violanti.eu"
"https://cpm-digital.ru/companies/company/39074-viserdi.html";"VISERDI";"";"";""
"https://cpm-digital.ru/companies/company/23630-vizio.html";"VIZIO COLLEZIONE";"http://manifatturafermana.it";"734 760995";"ufficio@manifatturafermana.it"
"https://cpm-digital.ru/companies/company/39494-vogueserv-overseas-llp.html";"Vogueserv Overseas LLP";"";"";""
"https://cpm-digital.ru/companies/company/39470-vrijesh-natural-fibre-fabrics-india-pvt-ltd.html";"Vrijesh Natural Fibre & Fabrics (India) Pvt Ltd";"";"";""
"https://cpm-digital.ru/companies/company/24314-vsf-export.html";"VSF Export & 823 Cargo";"http://www.vsfexport.com";"+79965108002";""
"https://cpm-digital.ru/companies/company/39400-wanyaojia.html";"WanYaoJia";"";"";""
"https://cpm-digital.ru/companies/company/31019-weshine-label.html";"Weshine Label";"http://weshinelabel.ru";"+79031013084";"weshinelabel@ya.ru"
"https://cpm-digital.ru/companies/company/39458-whipix-fashions.html";"Whipix Fashions";"";"";""
"https://cpm-digital.ru/companies/company/19185-whi-tney.html";"WH?TNEY";"http://www.whitney.com";"+905326905628";"info@whitney.com.tr"
"https://cpm-digital.ru/companies/company/29464-wowpacks.html";"WOWPACKS";"https://wowpacks.ru";"+7 800 301-34-10";"info@wowpacks.ru"
"https://cpm-digital.ru/companies/company/21834-xd-xenia-design.html";"XD XENIA DESIGN";"https://www.xenia-design.hr";"+7-495-644-45-84";"moda21vek2005@yandex.ru"
"https://cpm-digital.ru/companies/company/39355-xinyou.html";"XINYOU";"";"";""
"https://cpm-digital.ru/companies/company/22586-yaroslavna.html";"YAROSLAVNA";"http://www.yaroslavna.com";"+79057852099";"hello@yaroslavna.com"
"https://cpm-digital.ru/companies/company/38684-yarovis-planita.html";"YAROVIS & PLANITA";"";"";""
"https://cpm-digital.ru/companies/company/34962-yiheng.html";"YIHENG";"https://nbyh.menu";"8615355171390";"angie20@163.com"
"https://cpm-digital.ru/companies/company/39385-yinhuan.html";"YINHUAN";"";"";""
"https://cpm-digital.ru/companies/company/39331-yiwu-pinyi-garment-co-ltd.html";"Yiwu Pinyi Garment Co., Ltd.";"";"";""
"https://cpm-digital.ru/companies/company/24990-yuvita.html";"YUVITA";"http://yuvita.by";"+375297809061";"f_f_yuvita@mail.ru"
"https://cpm-digital.ru/companies/company/19365-yxl-collection.html";"YXL COLLECTION";"http://WWW.YUKSELGRUP.COM";"";"serdar@yukselgrup.com"
"https://cpm-digital.ru/companies/company/23780-zar-style.html";"ZAR STYLE";"http://www.zarstyle.ru";"+7 (495) 545-42-77";"contact@zarstyle.ru"
"https://cpm-digital.ru/companies/company/18963-zarya-mody.html";"ZARYA MODY";"http://www.zaryann.ru";"+7(929) 608-41-77";"zm@zaryann.ru"
"https://cpm-digital.ru/companies/company/30547-zeo-basic.html";"ZEO BASIC";"";"";""
"https://cpm-digital.ru/companies/company/32447-zeyno.html";"ZEYNO";"https://avva-msk.ru";"+79261557778";"info@avva-msk.ru"
"https://cpm-digital.ru/companies/company/39370-zhenye.html";"ZHENYE";"";"";""
"https://cpm-digital.ru/companies/company/39340-zichi.html";"ZICHI";"";"";""
"https://cpm-digital.ru/companies/company/38672-accent.html";"Акцент";"";"";""
"https://cpm-digital.ru/companies/company/20736-jan-paraskeva.html";"Жан и Параскева";"http://www.rl-v.ru";"+7 903 720 9417";"janparaskeva@gmail.com"
"https://cpm-digital.ru/companies/company/34265-zhiznkashemir.html";"ЖИЗНЬКАШЕМИР";"";"";""
"https://cpm-digital.ru/companies/company/22607-iskushenie-stilem.html";"ИСКУШЕНИЕ СТИЛЕМ";"http";"";""
"https://cpm-digital.ru/companies/company/23087-madis.html";"МАДИС";"http://www.madis1.ru";"+79038957547";"madis-kostroma@yandex.ru"
"https://cpm-digital.ru/companies/company/39077-novyj-len.html";"НОВЫЙ ЛЕН";"";"";""
"https://cpm-digital.ru/companies/company/34728-packplace.html";"ПАКПЛЕЙС";"https://packplace.me";"+7 (800) 333-14-97";"sales@packplace.me"
"https://cpm-digital.ru/companies/company/31052-sofilena.html";"СофиЛена";"http://sofilena.ru";"+79627428787";"i.andriyanov@rusmooda.ru"
"https://cpm-digital.ru/companies/company/21408-a-c-oslo.html";"Шадис";"http://www.shadis.ru";"+79169307671";""
"https://cpm-digital.ru/companies/company/17768-expo-fusion-llc.html";"ЭКСПО ФЬЮЖН";"http://expo-fusion.ru";"+7 495 955 91 99";"info@expo-fusion.ru"
"https://cpm-digital.ru/companies/company/39421-yabloki-i-yabloni.html";"Яблоки и яблони";"";"";""
